{
    "__type__": "Deck", 
    "children": [], 
    "crowdanki_uuid": "2cd65d70-8dd7-11e6-8625-d43d7e9a446c", 
    "deck_config_uuid": "2cd65d71-8dd7-11e6-adbc-d43d7e9a446c", 
    "deck_configurations": [
        {
            "__type__": "DeckConfig", 
            "autoplay": true, 
            "crowdanki_uuid": "2cd65d71-8dd7-11e6-adbc-d43d7e9a446c", 
            "dyn": false, 
            "lapse": {
                "delays": [
                    10
                ], 
                "leechAction": 0, 
                "leechFails": 8, 
                "minInt": 1, 
                "mult": 0.0
            }, 
            "maxTaken": 60, 
            "name": "Default", 
            "new": {
                "bury": true, 
                "delays": [
                    1, 
                    10
                ], 
                "initialFactor": 2500, 
                "ints": [
                    1, 
                    4, 
                    7
                ], 
                "order": 1, 
                "perDay": 20, 
                "separate": true
            }, 
            "replayq": true, 
            "rev": {
                "bury": true, 
                "ease4": 1.3, 
                "fuzz": 0.05, 
                "ivlFct": 1.0, 
                "maxIvl": 36500, 
                "minSpace": 1, 
                "perDay": 100
            }, 
            "timer": 0
        }
    ], 
    "desc": "", 
    "dyn": 0, 
    "extendNew": 0, 
    "extendRev": 7, 
    "media_files": [
        "paste-2207613190528.jpg", 
        "paste-2448131358985.jpg"
    ], 
    "mid": "1475883775151", 
    "name": "Cell Biology Lecture ", 
    "note_models": [
        {
            "__type__": "NoteModel", 
            "crowdanki_uuid": "2cd68486-8dd7-11e6-9ded-d43d7e9a446c", 
            "css": ".card {\n font-family: arial;\n font-size: 20px;\n text-align: center;\n color: black;\n background-color: white;\n}\n", 
            "flds": [
                {
                    "font": "Arial", 
                    "media": [], 
                    "name": "Front", 
                    "ord": 0, 
                    "rtl": false, 
                    "size": 20, 
                    "sticky": false
                }, 
                {
                    "font": "Arial", 
                    "media": [], 
                    "name": "Back", 
                    "ord": 1, 
                    "rtl": false, 
                    "size": 20, 
                    "sticky": false
                }
            ], 
            "latexPost": "\\end{document}", 
            "latexPre": "\\documentclass[12pt]{article}\n\\special{papersize=3in,5in}\n\\usepackage[utf8]{inputenc}\n\\usepackage{amssymb,amsmath}\n\\pagestyle{empty}\n\\setlength{\\parindent}{0in}\n\\begin{document}\n", 
            "name": "Basic", 
            "req": [
                [
                    0, 
                    "all", 
                    [
                        0
                    ]
                ]
            ], 
            "sortf": 0, 
            "tags": [], 
            "tmpls": [
                {
                    "afmt": "{{FrontSide}}\n\n<hr id=answer>\n\n{{Back}}", 
                    "bafmt": "", 
                    "bqfmt": "", 
                    "did": null, 
                    "name": "Card 1", 
                    "ord": 0, 
                    "qfmt": "{{Front}}"
                }
            ], 
            "type": 0, 
            "vers": []
        }, 
        {
            "__type__": "NoteModel", 
            "crowdanki_uuid": "2cd68480-8dd7-11e6-b49f-d43d7e9a446c", 
            "css": ".card {\n font-family: arial;\n font-size: 20px;\n text-align: center;\n color: black;\n background-color: white;\n}\n\n.cloze {\n font-weight: bold;\n color: blue;\n}", 
            "flds": [
                {
                    "font": "Arial", 
                    "media": [], 
                    "name": "Text", 
                    "ord": 0, 
                    "rtl": false, 
                    "size": 20, 
                    "sticky": false
                }, 
                {
                    "font": "Arial", 
                    "media": [], 
                    "name": "Extra", 
                    "ord": 1, 
                    "rtl": false, 
                    "size": 20, 
                    "sticky": false
                }
            ], 
            "latexPost": "\\end{document}", 
            "latexPre": "\\documentclass[12pt]{article}\n\\special{papersize=3in,5in}\n\\usepackage[utf8]{inputenc}\n\\usepackage{amssymb,amsmath}\n\\pagestyle{empty}\n\\setlength{\\parindent}{0in}\n\\begin{document}\n", 
            "name": "Cloze", 
            "sortf": 0, 
            "tags": [], 
            "tmpls": [
                {
                    "afmt": "{{cloze:Text}}<br>\n{{Extra}}", 
                    "bafmt": "", 
                    "bqfmt": "", 
                    "did": null, 
                    "name": "Cloze", 
                    "ord": 0, 
                    "qfmt": "{{cloze:Text}}"
                }
            ], 
            "type": 1, 
            "vers": []
        }
    ], 
    "notes": [
        {
            "__type__": "Note", 
            "data": "", 
            "fields": [
                "<font color=\"#0000ff\">{{c1::Phospholipids}}</font> can flip at a very low rate. {{c2::Phosphatidyl serine}} is usually only on the {{c3::inner membrane}}. It slowly, like many other phospholipids, may flip to the outside membrane but {{c4::Scramblease}} and {{c5::Flipase}} put it back on the insde. During {{c6::apoptosis}} the {{c7::Flipase}} is inhibited and {{c8::phosphatidyl serine}} starts to build up on the {{c9::outside surface}}, signaling the macrophage to phagocytose the cell.&nbsp;", 
                ""
            ], 
            "flags": 0, 
            "guid": "yrqfX[Ukjn", 
            "note_model_uuid": "2cd68480-8dd7-11e6-b49f-d43d7e9a446c", 
            "tags": []
        }, 
        {
            "__type__": "Note", 
            "data": "", 
            "fields": [
                "{{c1::Cholesterol}} is important for {{c2::membrane fluidity}}, from being too {{c3::rigid}} at a low temp and too {{c4::fluid}} at a high temp.&nbsp;", 
                ""
            ], 
            "flags": 0, 
            "guid": "D]p`v8JU*#", 
            "note_model_uuid": "2cd68480-8dd7-11e6-b49f-d43d7e9a446c", 
            "tags": []
        }, 
        {
            "__type__": "Note", 
            "data": "", 
            "fields": [
                "<img src=\"paste-2207613190528.jpg\" />", 
                "Green - microtubules<div>Red- Actin</div><div>Blue- nucleus</div>"
            ], 
            "flags": 0, 
            "guid": "vtGtORuGs/", 
            "note_model_uuid": "2cd68486-8dd7-11e6-9ded-d43d7e9a446c", 
            "tags": []
        }, 
        {
            "__type__": "Note", 
            "data": "", 
            "fields": [
                "{{c1::microtubules}} are critical as a {{c2::highway}}, {{c3::motor molecules}} that attach and shuttle things from one place to another.&nbsp;", 
                ""
            ], 
            "flags": 0, 
            "guid": "zlYiPm(;(<", 
            "note_model_uuid": "2cd68480-8dd7-11e6-b49f-d43d7e9a446c", 
            "tags": []
        }, 
        {
            "__type__": "Note", 
            "data": "", 
            "fields": [
                "The {{c1::cytoskeleton}} can be used for {{c2::adherens junctions}}, {{c3::desmosomes}}, {{c4::gap junctions}}, {{c5::hemidesmosomes}} in {{c6::epithelial cells}}&nbsp;", 
                "<img src=\"paste-2448131358985.jpg\" />"
            ], 
            "flags": 0, 
            "guid": "Eu~JWN&j+&", 
            "note_model_uuid": "2cd68480-8dd7-11e6-b49f-d43d7e9a446c", 
            "tags": []
        }, 
        {
            "__type__": "Note", 
            "data": "", 
            "fields": [
                "{{c2::Rough Endoplasmic reticulum}} is the site of {{c3::protein translation}} as it is covered in {{c4::ribosomes}}, and trafficking, contiguous with the {{c1::nuclear envelope}}", 
                ""
            ], 
            "flags": 0, 
            "guid": "y~wX[Z*u<S", 
            "note_model_uuid": "2cd68480-8dd7-11e6-b49f-d43d7e9a446c", 
            "tags": []
        }, 
        {
            "__type__": "Note", 
            "data": "", 
            "fields": [
                "{{c1::Smooth ER}} is the site of {{c2::lipid synthesis&nbsp;}}", 
                ""
            ], 
            "flags": 0, 
            "guid": "G9XV()@M*5", 
            "note_model_uuid": "2cd68480-8dd7-11e6-b49f-d43d7e9a446c", 
            "tags": []
        }, 
        {
            "__type__": "Note", 
            "data": "", 
            "fields": [
                "{{c1::Golgi apparatus}} is kind of like the {{c2::airport}} or the post office of the cell&nbsp;", 
                ""
            ], 
            "flags": 0, 
            "guid": "IQQp<!Yx6n", 
            "note_model_uuid": "2cd68480-8dd7-11e6-b49f-d43d7e9a446c", 
            "tags": []
        }, 
        {
            "__type__": "Note", 
            "data": "", 
            "fields": [
                "{{c1::Mitochondria}} have their own {{c2::DNA}} (maternal) and {{c3::ribosomes}} and can replicate on its own, protein transport into it is also different&nbsp;", 
                ""
            ], 
            "flags": 0, 
            "guid": "si~uHwsa<w", 
            "note_model_uuid": "2cd68480-8dd7-11e6-b49f-d43d7e9a446c", 
            "tags": []
        }, 
        {
            "__type__": "Note", 
            "data": "", 
            "fields": [
                "<div>{{c1::autophagy}} is an important part of a cells and possibly more importantly a differentiated cells life.&nbsp;The {{c2::lysosome}} only works at a {{c3::low pH}} so as it {{c4::matures}} it slowly {{c5::acidifies}} using a {{c6::proton pump}}</div><div><br /></div>", 
                ""
            ], 
            "flags": 0, 
            "guid": "Fbr;);Ogu_", 
            "note_model_uuid": "2cd68480-8dd7-11e6-b49f-d43d7e9a446c", 
            "tags": []
        }
    ]
}